proxy_wallet,market,price,notional,hours_to_resolution,move_6h
0x24c8cf69a0e0a17eee21f69d29752bfa32e823e1,Will Zohran Mamdani win the 2025 NYC mayoral election?,0.945,1087.6383,7.624444444444444,0.05400000100000002
0x24c8cf69a0e0a17eee21f69d29752bfa32e823e1,Will Zohran Mamdani win the 2025 NYC mayoral election?,0.944,6126.49392,7.735,0.05500000100000002
0x24c8cf69a0e0a17eee21f69d29752bfa32e823e1,Will Zohran Mamdani win the 2025 NYC mayoral election?,0.945,3540.0267,8.971111111111112,0.05400000100000002
0x24c8cf69a0e0a17eee21f69d29752bfa32e823e1,Will Zohran Mamdani win the 2025 NYC mayoral election?,0.9339266067,41611.65097821645,11.83611111111111,0.02504917899999992
0x24c8cf69a0e0a17eee21f69d29752bfa32e823e1,Will Zohran Mamdani win the 2025 NYC mayoral election?,0.9318703754,17681.979449509887,11.841111111111111,0.027049711500000018
0x24c8cf69a0e0a17eee21f69d29752bfa32e823e1,Will Zohran Mamdani win the 2025 NYC mayoral election?,0.93,7392.886200000001,13.35388888888889,0.019999999999999907
0x24c8cf69a0e0a17eee21f69d29752bfa32e823e1,Will Zohran Mamdani win the 2025 NYC mayoral election?,0.927,7405.8864300000005,13.380555555555556,0.02299999999999991
0x24c8cf69a0e0a17eee21f69d29752bfa32e823e1,Will Zohran Mamdani win the 2025 NYC mayoral election?,0.9209968354,2884.1015900551,13.962222222222222,0.029003164599999964
0x24c8cf69a0e0a17eee21f69d29752bfa32e823e1,Will Zohran Mamdani win the 2025 NYC mayoral election?,0.92,2579.6432,14.018888888888888,0.029999999999999916
0x24c8cf69a0e0a17eee21f69d29752bfa32e823e1,Will Zohran Mamdani win the 2025 NYC mayoral election?,0.913,5934.56391,20.122222222222224,0.016000000000000014
0x0c4b64af62a0ac3dd477e9f80ec3eaa18e92f6db,Will Zohran Mamdani win the 2025 NYC mayoral election?,0.903,6019.398,22.018333333333334,0.026000000000000023
0x0c4b64af62a0ac3dd477e9f80ec3eaa18e92f6db,Will Zohran Mamdani win the 2025 NYC mayoral election?,0.902,1499.23224,22.047777777777778,0.027000000000000024
0x0c4b64af62a0ac3dd477e9f80ec3eaa18e92f6db,Will Zohran Mamdani win the 2025 NYC mayoral election?,0.9112455018,30186.729501123402,27.219444444444445,0.0017544982000000653
0x7c3db723f1d4d8cb9c550095203b686cb11e5c6b,Will Zohran Mamdani win the 2025 NYC mayoral election?,0.905,4525.0,32.43277777777778,0.015000000000000013
0xbacd00c9080a82ded56f504ee8810af732b0ab35,Will Zohran Mamdani win the 2025 NYC mayoral election?,0.916,6891.15044,33.71333333333333,0.008000000299999921
0x24c8cf69a0e0a17eee21f69d29752bfa32e823e1,Will Zohran Mamdani win the 2025 NYC mayoral election?,0.932,1059.06888,51.91444444444444,0.010000000199999914
0xd218e474776403a330142299f7796e8ba32eb5c9,Will Curtis Sliwa win the 2025 NYC mayoral election?,0.999,11928.06,6.214444444444444,0.0
0xd218e474776403a330142299f7796e8ba32eb5c9,Will Curtis Sliwa win the 2025 NYC mayoral election?,0.999,4704.5107800000005,6.219444444444444,0.0
0xd218e474776403a330142299f7796e8ba32eb5c9,Will Curtis Sliwa win the 2025 NYC mayoral election?,0.999,1078.92,6.291111111111111,0.0
0xd218e474776403a330142299f7796e8ba32eb5c9,Will Curtis Sliwa win the 2025 NYC mayoral election?,0.999,5261.75298,22.41777777777778,0.0
0xd218e474776403a330142299f7796e8ba32eb5c9,Will Curtis Sliwa win the 2025 NYC mayoral election?,0.999,3536.46,33.80555555555556,0.0
0xd218e474776403a330142299f7796e8ba32eb5c9,Will Curtis Sliwa win the 2025 NYC mayoral election?,0.999,1498.5,33.812777777777775,0.0
0xd218e474776403a330142299f7796e8ba32eb5c9,Will Curtis Sliwa win the 2025 NYC mayoral election?,0.999,1887.38073,33.82833333333333,0.0
0xd218e474776403a330142299f7796e8ba32eb5c9,Will Curtis Sliwa win the 2025 NYC mayoral election?,0.999,1203.61518,33.83,0.0
0xd218e474776403a330142299f7796e8ba32eb5c9,Will Curtis Sliwa win the 2025 NYC mayoral election?,0.999,3009.0379500000004,33.83611111111111,0.0
0xd218e474776403a330142299f7796e8ba32eb5c9,Will Curtis Sliwa win the 2025 NYC mayoral election?,0.999,2237.76,33.873333333333335,0.0
0xd218e474776403a330142299f7796e8ba32eb5c9,Will Curtis Sliwa win the 2025 NYC mayoral election?,0.999,4515.48,33.96,0.0
0xd218e474776403a330142299f7796e8ba32eb5c9,Will Curtis Sliwa win the 2025 NYC mayoral election?,0.999,5494.5,33.97666666666667,0.0
0xd218e474776403a330142299f7796e8ba32eb5c9,Will Curtis Sliwa win the 2025 NYC mayoral election?,0.999,2717.28,33.983333333333334,0.0
0xd218e474776403a330142299f7796e8ba32eb5c9,Will Curtis Sliwa win the 2025 NYC mayoral election?,0.999,1238.76,33.98777777777778,0.0
0xd218e474776403a330142299f7796e8ba32eb5c9,Will Curtis Sliwa win the 2025 NYC mayoral election?,0.999,1431.25731,34.13611111111111,0.0
0xd218e474776403a330142299f7796e8ba32eb5c9,Will Curtis Sliwa win the 2025 NYC mayoral election?,0.999,2817.18,34.16555555555556,0.0
0xd218e474776403a330142299f7796e8ba32eb5c9,Will Curtis Sliwa win the 2025 NYC mayoral election?,0.999,1507.06143,34.17166666666667,0.0
0xd218e474776403a330142299f7796e8ba32eb5c9,Will Curtis Sliwa win the 2025 NYC mayoral election?,0.999,8991.0,34.26111111111111,0.0
0xd218e474776403a330142299f7796e8ba32eb5c9,Will Curtis Sliwa win the 2025 NYC mayoral election?,0.999,8991.0,34.318888888888885,0.0
0xd218e474776403a330142299f7796e8ba32eb5c9,Will Curtis Sliwa win the 2025 NYC mayoral election?,0.999,1087.5113999999999,34.327777777777776,0.0
0xd218e474776403a330142299f7796e8ba32eb5c9,Will Curtis Sliwa win the 2025 NYC mayoral election?,0.999,1526.18229,34.348333333333336,0.0
0xd218e474776403a330142299f7796e8ba32eb5c9,Will Curtis Sliwa win the 2025 NYC mayoral election?,0.999,5118.29658,34.35777777777778,0.0
0xd218e474776403a330142299f7796e8ba32eb5c9,Will Curtis Sliwa win the 2025 NYC mayoral election?,0.999,8616.62475,34.42944444444444,0.0
0xd218e474776403a330142299f7796e8ba32eb5c9,Will Curtis Sliwa win the 2025 NYC mayoral election?,0.999,1693.97433,34.61277777777778,0.0
0xd218e474776403a330142299f7796e8ba32eb5c9,Will Curtis Sliwa win the 2025 NYC mayoral election?,0.999,3716.28,34.66833333333334,0.0
0xd218e474776403a330142299f7796e8ba32eb5c9,Will Curtis Sliwa win the 2025 NYC mayoral election?,0.999,2673.7236000000003,34.681666666666665,0.0
0xd218e474776403a330142299f7796e8ba32eb5c9,Will Curtis Sliwa win the 2025 NYC mayoral election?,0.999,2497.5,34.70333333333333,0.0
0xd218e474776403a330142299f7796e8ba32eb5c9,Will Curtis Sliwa win the 2025 NYC mayoral election?,0.999,1843.30485,34.724444444444444,0.0
0x24c8cf69a0e0a17eee21f69d29752bfa32e823e1,Will Curtis Sliwa win the 2025 NYC mayoral election?,0.999,5725.68858,38.95944444444444,0.0
0xd218e474776403a330142299f7796e8ba32eb5c9,Will Curtis Sliwa win the 2025 NYC mayoral election?,0.999,5962.7712599999995,53.13777777777778,0.0
0xd218e474776403a330142299f7796e8ba32eb5c9,Will Curtis Sliwa win the 2025 NYC mayoral election?,0.999,8991.0,56.06111111111111,0.0
0xd218e474776403a330142299f7796e8ba32eb5c9,Will Curtis Sliwa win the 2025 NYC mayoral election?,0.999,8991.0,56.295,0.0
0xd218e474776403a330142299f7796e8ba32eb5c9,Will Curtis Sliwa win the 2025 NYC mayoral election?,0.999,8982.688320000001,58.76777777777778,0.0
0xd218e474776403a330142299f7796e8ba32eb5c9,Will Curtis Sliwa win the 2025 NYC mayoral election?,0.999,7740.57168,58.870555555555555,0.0
0xd218e474776403a330142299f7796e8ba32eb5c9,Will Curtis Sliwa win the 2025 NYC mayoral election?,0.999,8991.0,59.34722222222222,0.0
0xd218e474776403a330142299f7796e8ba32eb5c9,Will Curtis Sliwa win the 2025 NYC mayoral election?,0.999,1817.26092,60.3,0.0
0xd218e474776403a330142299f7796e8ba32eb5c9,Will Curtis Sliwa win the 2025 NYC mayoral election?,0.999,3046.30065,60.64388888888889,0.0
0xd218e474776403a330142299f7796e8ba32eb5c9,Will Curtis Sliwa win the 2025 NYC mayoral election?,0.999,8991.0,61.37388888888889,0.0
0xd218e474776403a330142299f7796e8ba32eb5c9,Will Curtis Sliwa win the 2025 NYC mayoral election?,0.999,8991.0,65.27388888888889,0.0
0xd218e474776403a330142299f7796e8ba32eb5c9,Will Curtis Sliwa win the 2025 NYC mayoral election?,0.999,8991.0,65.38555555555556,0.0
0xd218e474776403a330142299f7796e8ba32eb5c9,Will Curtis Sliwa win the 2025 NYC mayoral election?,0.999,8991.0,65.55388888888889,0.0
0xd218e474776403a330142299f7796e8ba32eb5c9,Will Curtis Sliwa win the 2025 NYC mayoral election?,0.999,8991.0,65.63055555555556,0.0
0xd218e474776403a330142299f7796e8ba32eb5c9,Will the Carolina Panthers win Super Bowl 2026?,0.994,1252.44,55.022222222222226,0.0
0xd218e474776403a330142299f7796e8ba32eb5c9,Will Andrew Cuomo win the 2025 NYC mayoral election?,0.958,1034.6399999999999,6.009444444444444,0.04100000100000001
0xd218e474776403a330142299f7796e8ba32eb5c9,Will Andrew Cuomo win the 2025 NYC mayoral election?,0.9570049746,6775.595220168,6.097777777777778,0.04199502639999997
0xd218e474776403a330142299f7796e8ba32eb5c9,Will Andrew Cuomo win the 2025 NYC mayoral election?,0.9510044026,10800.5570003282,6.203888888888889,0.047995598400000006
0xd218e474776403a330142299f7796e8ba32eb5c9,Will Andrew Cuomo win the 2025 NYC mayoral election?,0.9520201842,1447.070679984,6.207222222222223,0.04697981679999996
0xd218e474776403a330142299f7796e8ba32eb5c9,Will Andrew Cuomo win the 2025 NYC mayoral election?,0.947,3030.3999999999996,7.391111111111111,0.05200000100000002
0xd218e474776403a330142299f7796e8ba32eb5c9,Will Andrew Cuomo win the 2025 NYC mayoral election?,0.947,33941.957319999994,7.408888888888889,0.05200000100000002
0x24c8cf69a0e0a17eee21f69d29752bfa32e823e1,Will Andrew Cuomo win the 2025 NYC mayoral election?,0.94,21101.4584,8.249444444444444,0.059000001000000024
0xd218e474776403a330142299f7796e8ba32eb5c9,Will Andrew Cuomo win the 2025 NYC mayoral election?,0.9470068421,1799.31299999,11.397222222222222,0.0169931579
0xd218e474776403a330142299f7796e8ba32eb5c9,Will Andrew Cuomo win the 2025 NYC mayoral election?,0.945,2192.4,11.415555555555555,0.019000000000000017
0xd218e474776403a330142299f7796e8ba32eb5c9,Will Andrew Cuomo win the 2025 NYC mayoral election?,0.946,1381.1599999999999,11.625555555555556,0.018000000000000016
0xd218e474776403a330142299f7796e8ba32eb5c9,Will Andrew Cuomo win the 2025 NYC mayoral election?,0.9430701528,18823.680249888,11.851111111111111,0.01841486070000009
0xd218e474776403a330142299f7796e8ba32eb5c9,Will Andrew Cuomo win the 2025 NYC mayoral election?,0.927,1038.24,12.089444444444444,0.030999999999999917
0xd218e474776403a330142299f7796e8ba32eb5c9,Will Andrew Cuomo win the 2025 NYC mayoral election?,0.926,1792.2730000000001,12.153333333333334,0.029999999999999916
0xd218e474776403a330142299f7796e8ba32eb5c9,Will Andrew Cuomo win the 2025 NYC mayoral election?,0.924,4620.0,12.218333333333334,0.025999999999999912
0xd218e474776403a330142299f7796e8ba32eb5c9,Will Andrew Cuomo win the 2025 NYC mayoral election?,0.926,1240.8400000000001,12.747777777777777,0.02399999999999991
0xd218e474776403a330142299f7796e8ba32eb5c9,Will Andrew Cuomo win the 2025 NYC mayoral election?,0.918,1064.88,14.487222222222222,0.03199999999999992
0xd218e474776403a330142299f7796e8ba32eb5c9,Will Andrew Cuomo win the 2025 NYC mayoral election?,0.9182562667,2479.29192009,15.802222222222222,0.03174373329999991
0xd218e474776403a330142299f7796e8ba32eb5c9,Will Andrew Cuomo win the 2025 NYC mayoral election?,0.9173651502,5926.178870292,15.822222222222223,0.032634849799999976
0xd218e474776403a330142299f7796e8ba32eb5c9,Will Andrew Cuomo win the 2025 NYC mayoral election?,0.92,4342.400000000001,17.160555555555554,0.028999997299999913
0xd218e474776403a330142299f7796e8ba32eb5c9,Will Andrew Cuomo win the 2025 NYC mayoral election?,0.9170381356,1082.105000008,17.305,0.03196186169999993
0xd218e474776403a330142299f7796e8ba32eb5c9,Will Andrew Cuomo win the 2025 NYC mayoral election?,0.923,1879.54182,19.035,0.008000000000000007
0xd218e474776403a330142299f7796e8ba32eb5c9,Will Andrew Cuomo win the 2025 NYC mayoral election?,0.923,1527.5742300000002,19.044444444444444,0.008000000000000007
0xd218e474776403a330142299f7796e8ba32eb5c9,Will Andrew Cuomo win the 2025 NYC mayoral election?,0.924,1903.44,19.215555555555557,0.007000000000000006
0xd218e474776403a330142299f7796e8ba32eb5c9,Will Andrew Cuomo win the 2025 NYC mayoral election?,0.922,8283.275660000001,19.38,0.009000000000000008
0xd218e474776403a330142299f7796e8ba32eb5c9,Will Andrew Cuomo win the 2025 NYC mayoral election?,0.915,1052.8081499999998,20.019444444444446,0.015000000000000013
0xd218e474776403a330142299f7796e8ba32eb5c9,Will Andrew Cuomo win the 2025 NYC mayoral election?,0.915,1183.5342,20.769444444444446,0.009000000000000008
0xd218e474776403a330142299f7796e8ba32eb5c9,Will Andrew Cuomo win the 2025 NYC mayoral election?,0.9140091408,4350.6835102079995,20.778333333333332,0.00999085920000009
0xd218e474776403a330142299f7796e8ba32eb5c9,Will Andrew Cuomo win the 2025 NYC mayoral election?,0.906,1721.4,21.325555555555557,0.018000000000000016
0xd218e474776403a330142299f7796e8ba32eb5c9,Will Andrew Cuomo win the 2025 NYC mayoral election?,0.902,2677.9658400000003,23.596666666666668,0.02200000000000002
0xd218e474776403a330142299f7796e8ba32eb5c9,Will Andrew Cuomo win the 2025 NYC mayoral election?,0.896,1035.20256,24.598333333333333,0.028000000000000025
0xd218e474776403a330142299f7796e8ba32eb5c9,Will Andrew Cuomo win the 2025 NYC mayoral election?,0.888,1342.44288,24.975,0.03600000000000003
0x7c3db723f1d4d8cb9c550095203b686cb11e5c6b,Will Andrew Cuomo win the 2025 NYC mayoral election?,0.917,4543.0931,30.572777777777777,0.001999999399999952
0xd218e474776403a330142299f7796e8ba32eb5c9,Will Andrew Cuomo win the 2025 NYC mayoral election?,0.9180189034,2184.884990092,31.249444444444446,0.0029810966000000105
0xd218e474776403a330142299f7796e8ba32eb5c9,Will Andrew Cuomo win the 2025 NYC mayoral election?,0.918,8262.0,32.437777777777775,0.0030000000000000027
0xd218e474776403a330142299f7796e8ba32eb5c9,Will Andrew Cuomo win the 2025 NYC mayoral election?,0.918,1930.554,32.44,0.0030000000000000027
0xd218e474776403a330142299f7796e8ba32eb5c9,Will Andrew Cuomo win the 2025 NYC mayoral election?,0.911,1093.2,32.52111111111111,0.010000000000000009
0xd218e474776403a330142299f7796e8ba32eb5c9,Will Andrew Cuomo win the 2025 NYC mayoral election?,0.911,4465.19362,32.53055555555556,0.010000000000000009
0xd218e474776403a330142299f7796e8ba32eb5c9,Will Andrew Cuomo win the 2025 NYC mayoral election?,0.924,4449.1431600000005,33.695,0.0
0xd218e474776403a330142299f7796e8ba32eb5c9,Will Andrew Cuomo win the 2025 NYC mayoral election?,0.923,2510.56,33.70111111111111,0.0010000000000000009
0xd218e474776403a330142299f7796e8ba32eb5c9,Will Andrew Cuomo win the 2025 NYC mayoral election?,0.922,1143.28,33.70611111111111,0.0020000000000000018
0xd218e474776403a330142299f7796e8ba32eb5c9,Will Andrew Cuomo win the 2025 NYC mayoral election?,0.922,3429.84,34.38666666666666,0.0020000000000000018
0xd218e474776403a330142299f7796e8ba32eb5c9,Will Andrew Cuomo win the 2025 NYC mayoral election?,0.935,8415.0,55.779444444444444,0.009999998599999893
0xd218e474776403a330142299f7796e8ba32eb5c9,Will Andrew Cuomo win the 2025 NYC mayoral election?,0.935,8415.0,56.013333333333335,0.009999996999999983
0x0c4b64af62a0ac3dd477e9f80ec3eaa18e92f6db,Maduro out in 2025?,0.995,99500.0,45.27333333333333,0.0010000000000000009
0xbacd00c9080a82ded56f504ee8810af732b0ab35,Maduro out in 2025?,0.993,3721.4660999999996,61.07611111111111,0.0020000000000000018
0x0c4b64af62a0ac3dd477e9f80ec3eaa18e92f6db,Maduro out in 2025?,0.993,4965.0,64.71555555555555,0.0020000000000000018
0xd218e474776403a330142299f7796e8ba32eb5c9,Will the New England Patriots win Super Bowl 2026?,0.811,1836.28242,6.2683333333333335,0.18799999999999994
0xd218e474776403a330142299f7796e8ba32eb5c9,Will the New England Patriots win Super Bowl 2026?,0.73,5840.0,6.944444444444445,0.269
0xd218e474776403a330142299f7796e8ba32eb5c9,Will the New England Patriots win Super Bowl 2026?,0.678,1979.7600000000002,7.86,0.32099999999999995
0xd218e474776403a330142299f7796e8ba32eb5c9,Will the New England Patriots win Super Bowl 2026?,0.6842374855,2353.77695012,13.005555555555556,0.033870622600000067
0xd218e474776403a330142299f7796e8ba32eb5c9,Will the New England Patriots win Super Bowl 2026?,0.684,3424.7880000000005,13.932222222222222,0.0010000000000000009
0x7c3db723f1d4d8cb9c550095203b686cb11e5c6b,Trump declassifies UFO files in 2025?,0.976,9760.0,6.316111111111111,0.023000000999999992
0xbacd00c9080a82ded56f504ee8810af732b0ab35,Trump declassifies UFO files in 2025?,0.983,4370.811199999999,7.833333333333333,0.011700326300000063
0x7c3db723f1d4d8cb9c550095203b686cb11e5c6b,Trump declassifies UFO files in 2025?,0.983,12100.00258,8.525,0.011700326300000063
0xbacd00c9080a82ded56f504ee8810af732b0ab35,Trump declassifies UFO files in 2025?,0.978,1801.8672000000001,9.376111111111111,0.016700326300000068
0x7c3db723f1d4d8cb9c550095203b686cb11e5c6b,Trump declassifies UFO files in 2025?,0.97838,4891.900000000001,10.017777777777777,0.01632032630000002
0x7c3db723f1d4d8cb9c550095203b686cb11e5c6b,Trump declassifies UFO files in 2025?,0.971422036,9714.22036,10.085,0.02327829030000006
0x7c3db723f1d4d8cb9c550095203b686cb11e5c6b,Trump declassifies UFO files in 2025?,0.97,4793.3616999999995,10.086666666666666,0.024700326300000075
0xbacd00c9080a82ded56f504ee8810af732b0ab35,Trump declassifies UFO files in 2025?,0.962,2938.65026,10.848888888888888,0.03270032630000008
0x24c8cf69a0e0a17eee21f69d29752bfa32e823e1,Trump declassifies UFO files in 2025?,0.977,1120.2281999999998,12.2175,0.010999999799999993
0x0c4b64af62a0ac3dd477e9f80ec3eaa18e92f6db,Trump declassifies UFO files in 2025?,0.97,6698.917,16.47361111111111,0.02100000000000002
0x0c4b64af62a0ac3dd477e9f80ec3eaa18e92f6db,Trump declassifies UFO files in 2025?,0.976,1952.0,16.639166666666668,0.015000000000000013
0x0c4b64af62a0ac3dd477e9f80ec3eaa18e92f6db,Trump declassifies UFO files in 2025?,0.977,19540.0,16.641944444444444,0.014000000000000012
0x7c3db723f1d4d8cb9c550095203b686cb11e5c6b,Trump declassifies UFO files in 2025?,0.9101873463,2857.660599937332,21.143055555555556,0.08081265370000001
0x7c3db723f1d4d8cb9c550095203b686cb11e5c6b,Trump declassifies UFO files in 2025?,0.857515873,2160.93999996,21.761944444444445,0.133484127
0x7c3db723f1d4d8cb9c550095203b686cb11e5c6b,Trump declassifies UFO files in 2025?,0.95,5277.25,23.580833333333334,0.038999999900000026
0x7c3db723f1d4d8cb9c550095203b686cb11e5c6b,Trump declassifies UFO files in 2025?,0.93,4132.92,24.163055555555555,0.05899999989999993
0x7c3db723f1d4d8cb9c550095203b686cb11e5c6b,Trump declassifies UFO files in 2025?,0.93,4132.92,24.174166666666668,0.05899999989999993
0x7c3db723f1d4d8cb9c550095203b686cb11e5c6b,Trump declassifies UFO files in 2025?,0.93,3099.69,24.300833333333333,0.051999811399999984
0x0c4b64af62a0ac3dd477e9f80ec3eaa18e92f6db,Trump declassifies UFO files in 2025?,0.93,7013.4648,24.450277777777778,0.051999811399999984
0x0c4b64af62a0ac3dd477e9f80ec3eaa18e92f6db,Trump declassifies UFO files in 2025?,0.93,8370.2976,24.703611111111112,0.04999997359999997
0x0c4b64af62a0ac3dd477e9f80ec3eaa18e92f6db,Trump declassifies UFO files in 2025?,0.9393089239,14934.861600582175,25.175833333333333,0.03669107589999998
0xbacd00c9080a82ded56f504ee8810af732b0ab35,Trump declassifies UFO files in 2025?,0.93,1476.0123,26.458055555555557,0.04599999979999991
0xbacd00c9080a82ded56f504ee8810af732b0ab35,Trump declassifies UFO files in 2025?,0.88,1445.7344,30.825833333333332,0.06999999999999995
0x0c4b64af62a0ac3dd477e9f80ec3eaa18e92f6db,Trump declassifies UFO files in 2025?,0.87,1992.213,32.7625,0.07999999999999996
0x0c4b64af62a0ac3dd477e9f80ec3eaa18e92f6db,Trump declassifies UFO files in 2025?,0.8561272966,1304.7380000184,35.17138888888889,0.08387270339999997
0x0c4b64af62a0ac3dd477e9f80ec3eaa18e92f6db,Trump declassifies UFO files in 2025?,0.87,2876.5941,38.701388888888886,0.06000000000000005
0x0c4b64af62a0ac3dd477e9f80ec3eaa18e92f6db,Trump declassifies UFO files in 2025?,0.87,1840.05,38.945277777777775,0.06000000000000005
0x0c4b64af62a0ac3dd477e9f80ec3eaa18e92f6db,Trump declassifies UFO files in 2025?,0.8978570362,1925.041399894248,39.929722222222225,0.022142963800000026
0x0c4b64af62a0ac3dd477e9f80ec3eaa18e92f6db,Trump declassifies UFO files in 2025?,0.94,5526.8898,41.16972222222222,0.009999806900000019
0xbacd00c9080a82ded56f504ee8810af732b0ab35,Trump declassifies UFO files in 2025?,0.6610484236,1458.5107998940962,49.36361111111111,0.16895157639999991
0xbacd00c9080a82ded56f504ee8810af732b0ab35,Trump declassifies UFO files in 2025?,0.6,1280.7060000000001,50.235277777777775,0.22959465960000003
0xbacd00c9080a82ded56f504ee8810af732b0ab35,Trump declassifies UFO files in 2025?,0.8351785984,2597.44719995392,53.76861111111111,0.014821381099999975
0xbacd00c9080a82ded56f504ee8810af732b0ab35,Trump declassifies UFO files in 2025?,0.8492684711,1160.9499999937,55.14194444444445,0.01073151909999992
0xbacd00c9080a82ded56f504ee8810af732b0ab35,Trump declassifies UFO files in 2025?,0.8371688501,1150.2700000374,55.143055555555556,0.02283114009999998
