question,conditionId,volumeNum,closedTime
Will Zohran Mamdani win the 2025 NYC mayoral election?,0xebddfcf7b4401dade8b4031770a1ab942b01854f3bed453d5df9425cd9f211a9,143254859.334333,2025-11-05 05:44:47+00
Russia x Ukraine ceasefire in 2025?,0x8ee2f1640386310eb5e7ffa596ba9335f2d324e303d21b0dfea6998874445791,73752993.267722,2026-01-01 07:18:23+00
Will the Tennessee Titans win Super Bowl 2026?,0xf2d034812c1e871421eb6ca9afd30f2a03f0494fc910cc4cabc4515685b610cb,70848160.38227,2025-12-01 01:03:10+00
Will the Miami Dolphins win Super Bowl 2026?,0xb222caecba4942b88a87adc145f1c27eb822e6fa2d238731e66074c89125f31e,64086195.940181,2025-12-16 07:33:47+00
Will Curtis Sliwa win the 2025 NYC mayoral election?,0xd7bd58d09efa1ff15be61cf30587e79444971ab125d55b2a88bf6ec04623a0d8,60402049.764981,2025-11-05 06:13:17+00
Will the Carolina Panthers win Super Bowl 2026?,0xb232c915770ea41eb3ec3dbb2c7209c727759237383850f51045be7ffa3975e5,60236453.888354,2026-01-11 04:18:46+00
Will the New York Jets win Super Bowl 2026?,0xd8d889f4c49f58d98538d08182a07c27206f0e98f9f0a125eda3abf94305c8f7,57232072.113335,2025-12-08 01:03:11+00
Will the Cleveland Browns win Super Bowl 2026?,0x8f0f5125028c535d93f548225a4a2479a03793a49705973c763423aa43bdc59d,51375598.94358,2025-12-08 01:12:59+00
Will the Las Vegas Raiders win Super Bowl 2026?,0xd28f9dfab98d6b2a8a22d8ff7e8d109678fc8275710be17c96825301efce4a69,50242113.927574,2025-12-01 03:44:10+00
Will Jim Walden win the 2025 NYC mayoral election?,0x9e56a92abcf4996105ab15ce5612742bc33f4b9097bb6a4ec5f1468e6f2580c5,49207581.601009,2025-11-05 06:14:21+00
Will Andrew Cuomo win the 2025 NYC mayoral election?,0xc40cbb2d7f5d2c43c624bd5b1d0b18cd3d0682b3937363ec7c1ad1d13bee107e,48755937.180665,2025-11-05 05:56:23+00
Will the New Orleans Saints win Super Bowl 2026?,0x184228c1bfc9502d38f6f9984667f3da7b2f955616f195a3ba28b51fb0539bfe,48283192.641205,2025-12-01 01:01:14+00
Will the Arizona Cardinals win Super Bowl 2026?,0xc319ae3e39f6a0b441fd02d37058ee8af4133967a205c88c9243972deceddbee,42048002.788895,2025-12-01 00:41:18+00
Will the Cincinnati Bengals win Super Bowl 2026?,0x580ffec1f7b057910f9f596c80d203870f3028b04784a982d158d3581514299e,39998043.163255,2025-12-15 00:50:37+00
Will the New York Giants win Super Bowl 2026?,0xf9915c09cfdb45b8ba1335620c1da05d12913ad1d43bbb15832a93609212c27e,37490995.246916,2025-11-24 02:43:05+00
Maduro out in 2025?,0xafc235557ace53ff0b0d2e93392314a7c3f3daab26a79050e985c11282f66df7,34641400.627049,2026-01-01 08:30:59+00
"Will Bitcoin reach $1,000,000 by December 31, 2025?",0xd8b9ff369452daebce1ac8cb6a29d6817903e85168356c72812317f38e317613,31394607.518008,2026-01-01 07:20:31+00
Will George Russell be the 2025 Drivers Champion?,0x7e8953cc66f9dabfe80fb0d1a9284bffb7a293f700b21027261fade58a082d73,29698106.695952,2025-11-10 06:35:19+00
Will Brad Lander win the 2025 NYC mayoral election?,0x34c989bada239153e86a009b3d25539db4c86fc4df3e01d320f0bee58a7aef45,29246888.170365,2025-11-05 06:13:17+00
Will Saudi Aramco be the largest company in the world by market cap on December 31?,0xb1a6136ad23d19526c4929d2e79c79e999628de931ca2475d138fb31637fd2c4,25240782.288934,2026-01-01 01:11:43+00
Will Eric Adams win the 2025 NYC mayoral election?,0x846ce700a217ec7b75b8d078450f7e88eb5f44c76c12ae448ca10039ef4412b9,24498006.503446,2025-11-05 06:12:19+00
Will Octavian Berceanu be the next Mayor of Bucharest?,0x2017c048aeee624d3597ffd0c2273a0e2c2aec4dfb89ef7505b8e08715636c3b,20304686.659728,2025-12-08 04:23:11+00
Will Zellnor Myrie win the 2025 NYC mayoral election?,0xcdec3de1f9c73e9ade1d33dde14b96e7241d0cc87f04981e71a955d3dac56b37,19383661.523146,2025-11-05 06:13:17+00
"Will Bitcoin reach $200,000 by December 31, 2025?",0x4e2887e913cd6e091c9b07b5e4013b24f372453efa6f11a0b0c5f65371729cf4,19275707.736605,2026-01-01 07:16:21+00
"Will Ethereum hit $5,000 by December 31?",0xeeb92ddd77d671d1f9ea1f5727208d1fa91896a6d1f657fdcd7c9d578fe5c46c,18467737.400303,2026-01-01 07:18:23+00
MicroStrategy sells any Bitcoin in 2025?,0x19ee98e348c0ccb341d1b9566fa14521566e9b2ea7aed34dc407a0ec56be36a2,17976157.529867,2026-01-05 04:22:25+00
Will the New England Patriots win Super Bowl 2026?,0xc914317b14972d5d15f30740d3bdf32f4028877c13b9d7ccc78b4ba33f67fb1e,17884421.031288,2026-02-09 07:20:11+00
Will Rudy Giuliani win the 2025 NYC mayoral election?,0xee44d5936019f87f0fee643d930ac34139e7211ebdde3f3d27c290bb9fdd5929,17399211.228589,2025-11-05 06:14:19+00
Will Adrienne Adams win the 2025 NYC mayoral election?,0xbb50a8be669052c941c30a8892b48ba104fb09ffd7d82f963b511f3db855e0a1,17172736.263185,2025-11-05 06:14:21+00
Trump declassifies UFO files in 2025?,0x2865bc483dd523f4a36eb961f7467c8635ee9a13f39748bad55f645ce1f61512,16680240.903723,2025-12-10 00:27:58+00
