proxy_wallet,markets,trades,total_notional,avg_entry,avg_hours_before,avg_move_6h,score
0xd218e474776403a330142299f7796e8ba32eb5c9,4,88,397057.0612411682,0.9487730868011363,29.63875,0.01885865317386363,118.71150623592203
0x24c8cf69a0e0a17eee21f69d29752bfa32e823e1,4,14,125251.31473778145,0.9399138441071428,16.727599206349204,0.02950728993571426,115.76985567260333
0x1fad9860ab0d21c8668a13accf25d6eb3c11b5b2,5,6,286802.07349,0.9986666666666667,40.48796296296296,0.00033333333333333365,114.67343700783333
0xbacd00c9080a82ded56f504ee8810af732b0ab35,3,12,30293.575899879117,0.8687220286,36.98201388888889,0.052835937941666654,114.35061673666061
0xca8e9533bf61136f39c31e76e36b2087c3dca742,5,30,219047.694,0.9988666666666667,44.5970462962963,0.0,110.9523847
0x12d6cccfc7470a3f4bafc53599a4779cbf2cf2a8,4,17,64900.85583,0.9221176470588235,27.829264705882352,0.02264731823529414,105.89236102679413
0x7c3db723f1d4d8cb9c550095203b686cb11e5c6b,3,13,71988.95833989733,0.9391157888692307,19.012307692307694,0.04148429703076924,105.0837449477641
0x0c4b64af62a0ac3dd477e9f80ec3eaa18e92f6db,3,17,216145.4270416182,0.9253258093235294,31.29640522875817,0.03308593136470589,103.8932027167868
0x448861155279dbf833d041b963e3ac854599e319,3,8,145705.49188982663,0.943816339375,13.914861111111112,0.03159689238749998,98.8821669819913
0xdd225a03cd7ed89e3931906c67c75ab31cf89ef1,3,4,7489.65886,0.89625,30.668958333333332,0.031,91.374482943
0xc6dd722558dbfbd8fa780efcbe819ed8c6604b9f,3,33,188224.92465985892,0.9354635977545455,25.716237373737375,0.021930341678787862,91.34158791178082
0xc4d1a863e9cc45d02ba22d3a1ae9ba7822018ce8,3,10,151044.59836084687,0.9581071505000001,17.70838888888889,0.02079269330000001,88.34492321804235
0x0e3226217752d7247c67b870b72b99ba3e20535b,3,4,10923.75583985,0.919106431675,20.43722222222222,0.023818649900000044,84.36483769199253
0x72a22d4d155079da8f50c89d4c6c03b6428e7b65,3,5,22570.696140235803,0.93638487882,38.735,0.01761512117999997,78.74365598701176
0x000d257d2dc7616feaef4ae0f14600fdf50a758e,2,25,238492.74208335803,0.953405491896,18.263144444444446,0.02447463867600002,76.39927578016791
